n_movies,mean_budget_ksh,median_budget_ksh,mean_revenue_ksh,median_revenue_ksh,mean_runtime
3229,5285077820.650356,3250000000,15761584443.97956,7174013730,110.72437287085785
